X,CH1,CH2
,Volt,Volt
1,-7.20E-01,-2.52E+00
2,-5.60E-01,-2.44E+00
3,-6.40E-01,-2.52E+00
4,-5.20E-01,-2.40E+00
5,-6.00E-01,-2.52E+00
6,-4.40E-01,-2.40E+00
7,-5.20E-01,-2.52E+00
8,-4.00E-01,-2.40E+00
9,-4.80E-01,-2.48E+00
10,-3.20E-01,-2.40E+00
11,-4.00E-01,-2.48E+00
12,-2.80E-01,-2.36E+00
13,-3.60E-01,-2.36E+00
14,-2.00E-01,-2.48E+00
15,-2.80E-01,-2.40E+00
16,-1.60E-01,-2.48E+00
17,-2.00E-01,-2.44E+00
18,-8.00E-02,-2.32E+00
19,-1.20E-01,-2.44E+00
20,0.00E+00,-2.32E+00
21,-8.00E-02,-2.40E+00
22,4.00E-02,-2.32E+00
23,0.00E+00,-2.40E+00
24,1.20E-01,-2.28E+00
25,8.00E-02,-2.40E+00
26,2.00E-01,-2.28E+00
27,1.20E-01,-2.36E+00
28,2.80E-01,-2.24E+00
29,2.00E-01,-2.28E+00
30,3.20E-01,-2.36E+00
31,2.40E-01,-2.32E+00
32,3.60E-01,-2.20E+00
33,3.20E-01,-2.28E+00
34,4.40E-01,-2.16E+00
35,3.60E-01,-2.24E+00
36,5.20E-01,-2.12E+00
37,4.40E-01,-2.12E+00
38,5.60E-01,-2.24E+00
39,4.80E-01,-2.20E+00
40,6.40E-01,-2.08E+00
41,5.60E-01,-2.16E+00
42,6.80E-01,-2.04E+00
43,6.00E-01,-2.16E+00
44,7.20E-01,-2.00E+00
45,6.80E-01,-2.08E+00
46,8.00E-01,-1.96E+00
47,7.20E-01,-2.08E+00
48,8.40E-01,-1.92E+00
49,8.00E-01,-2.04E+00
50,9.20E-01,-1.88E+00
51,8.40E-01,-2.00E+00
52,9.60E-01,-1.84E+00
53,8.80E-01,-1.96E+00
54,1.04E+00,-1.84E+00
55,9.60E-01,-1.92E+00
56,1.08E+00,-1.76E+00
57,1.00E+00,-1.88E+00
58,1.12E+00,-1.72E+00
59,1.08E+00,-1.84E+00
60,1.20E+00,-1.68E+00
61,1.16E+00,-1.80E+00
62,1.28E+00,-1.64E+00
63,1.20E+00,-1.76E+00
64,1.32E+00,-1.60E+00
65,1.24E+00,-1.72E+00
66,1.40E+00,-1.56E+00
67,1.32E+00,-1.64E+00
68,1.44E+00,-1.52E+00
69,1.36E+00,-1.60E+00
70,1.48E+00,-1.48E+00
71,1.40E+00,-1.56E+00
72,1.52E+00,-1.44E+00
73,1.44E+00,-1.52E+00
74,1.60E+00,-1.36E+00
75,1.52E+00,-1.44E+00
76,1.64E+00,-1.28E+00
77,1.56E+00,-1.40E+00
78,1.68E+00,-1.28E+00
79,1.60E+00,-1.32E+00
80,1.72E+00,-1.20E+00
81,1.64E+00,-1.28E+00
82,1.76E+00,-1.16E+00
83,1.68E+00,-1.20E+00
84,1.80E+00,-1.08E+00
85,1.72E+00,-1.16E+00
86,1.84E+00,-1.04E+00
87,1.76E+00,-1.08E+00
88,1.88E+00,-9.60E-01
89,1.80E+00,-1.04E+00
90,1.96E+00,-9.20E-01
91,1.96E+00,-1.00E+00
92,1.84E+00,-8.40E-01
93,1.88E+00,-9.20E-01
94,2.00E+00,-8.00E-01
95,1.92E+00,-8.80E-01
96,2.04E+00,-7.20E-01
97,1.96E+00,-8.40E-01
98,2.08E+00,-6.80E-01
99,2.00E+00,-7.60E-01
100,2.12E+00,-6.40E-01
101,2.04E+00,-7.20E-01
102,2.16E+00,-5.60E-01
103,2.08E+00,-6.40E-01
104,2.20E+00,-5.20E-01
105,2.12E+00,-6.00E-01
106,2.20E+00,-4.40E-01
107,2.12E+00,-5.20E-01
108,2.24E+00,-4.00E-01
109,2.16E+00,-4.80E-01
110,2.28E+00,-3.20E-01
111,2.20E+00,-4.00E-01
112,2.32E+00,-2.80E-01
113,2.20E+00,-3.60E-01
114,2.32E+00,-2.00E-01
115,2.24E+00,-2.80E-01
116,2.36E+00,-1.60E-01
117,2.36E+00,-2.00E-01
118,2.28E+00,-8.00E-02
119,2.28E+00,-1.20E-01
120,2.44E+00,0.00E+00
121,2.40E+00,-8.00E-02
122,2.36E+00,4.00E-02
123,2.32E+00,0.00E+00
124,2.48E+00,1.20E-01
125,2.36E+00,8.00E-02
126,2.48E+00,2.00E-01
127,2.40E+00,1.20E-01
128,2.48E+00,2.80E-01
129,2.52E+00,2.00E-01
130,2.40E+00,3.20E-01
131,2.48E+00,2.40E-01
132,2.44E+00,3.60E-01
133,2.44E+00,3.20E-01
134,2.48E+00,4.40E-01
135,2.44E+00,3.60E-01
136,2.56E+00,5.20E-01
137,2.56E+00,4.40E-01
138,2.44E+00,5.60E-01
139,2.48E+00,4.80E-01
140,2.56E+00,6.40E-01
141,2.56E+00,5.60E-01
142,2.48E+00,6.80E-01
143,2.48E+00,6.00E-01
144,2.56E+00,7.20E-01
145,2.52E+00,6.80E-01
146,2.48E+00,8.00E-01
147,2.48E+00,7.20E-01
148,2.52E+00,8.40E-01
149,2.48E+00,8.00E-01
150,2.56E+00,9.20E-01
151,2.48E+00,8.40E-01
152,2.56E+00,9.60E-01
153,2.48E+00,8.80E-01
154,2.56E+00,1.04E+00
155,2.56E+00,9.60E-01
156,2.44E+00,1.08E+00
157,2.56E+00,1.00E+00
158,2.44E+00,1.12E+00
159,2.44E+00,1.08E+00
160,2.56E+00,1.20E+00
161,2.44E+00,1.16E+00
162,2.48E+00,1.28E+00
163,2.52E+00,1.20E+00
164,2.40E+00,1.32E+00
165,2.52E+00,1.24E+00
166,2.40E+00,1.40E+00
167,2.40E+00,1.32E+00
168,2.48E+00,1.44E+00
169,2.48E+00,1.36E+00
170,2.36E+00,1.48E+00
171,2.48E+00,1.40E+00
172,2.32E+00,1.52E+00
173,2.44E+00,1.44E+00
174,2.32E+00,1.60E+00
175,2.44E+00,1.52E+00
176,2.28E+00,1.64E+00
177,2.36E+00,1.56E+00
178,2.24E+00,1.68E+00
179,2.36E+00,1.60E+00
180,2.24E+00,1.72E+00
181,2.32E+00,1.64E+00
182,2.20E+00,1.76E+00
183,2.28E+00,1.68E+00
184,2.16E+00,1.80E+00
185,2.28E+00,1.72E+00
186,2.16E+00,1.84E+00
187,2.24E+00,1.76E+00
188,2.12E+00,1.88E+00
189,2.20E+00,1.80E+00
190,2.08E+00,1.96E+00
191,2.08E+00,1.96E+00
192,2.16E+00,1.84E+00
193,2.16E+00,1.88E+00
194,2.04E+00,2.00E+00
195,2.12E+00,1.92E+00
196,2.00E+00,2.04E+00
197,2.08E+00,1.96E+00
198,1.96E+00,2.08E+00
199,2.04E+00,2.00E+00
200,1.92E+00,2.12E+00
201,2.00E+00,2.04E+00
202,1.88E+00,2.16E+00
203,1.96E+00,2.08E+00
204,1.84E+00,2.20E+00
205,1.92E+00,2.12E+00
206,1.80E+00,2.20E+00
207,1.88E+00,2.12E+00
208,1.76E+00,2.24E+00
209,1.84E+00,2.16E+00
210,1.72E+00,2.28E+00
211,1.80E+00,2.20E+00
212,1.68E+00,2.32E+00
213,1.76E+00,2.20E+00
214,1.64E+00,2.32E+00
215,1.72E+00,2.24E+00
216,1.56E+00,2.36E+00
217,1.68E+00,2.36E+00
218,1.52E+00,2.28E+00
219,1.60E+00,2.28E+00
220,1.48E+00,2.44E+00
221,1.56E+00,2.40E+00
222,1.44E+00,2.36E+00
223,1.52E+00,2.32E+00
224,1.40E+00,2.48E+00
225,1.48E+00,2.36E+00
226,1.32E+00,2.48E+00
227,1.44E+00,2.40E+00
228,1.28E+00,2.48E+00
229,1.36E+00,2.52E+00
230,1.24E+00,2.40E+00
231,1.28E+00,2.48E+00
232,1.16E+00,2.44E+00
233,1.28E+00,2.44E+00
234,1.12E+00,2.48E+00
235,1.16E+00,2.44E+00
236,1.04E+00,2.56E+00
237,1.12E+00,2.56E+00
238,1.00E+00,2.44E+00
239,1.08E+00,2.48E+00
240,9.20E-01,2.56E+00
241,1.00E+00,2.56E+00
242,8.80E-01,2.48E+00
243,9.60E-01,2.48E+00
244,8.00E-01,2.56E+00
245,8.80E-01,2.52E+00
246,7.60E-01,2.48E+00
247,8.40E-01,2.48E+00
248,6.80E-01,2.52E+00
249,7.60E-01,2.48E+00
250,6.40E-01,2.56E+00
251,7.20E-01,2.48E+00
252,6.00E-01,2.56E+00
253,6.40E-01,2.48E+00
254,5.20E-01,2.56E+00
255,6.00E-01,2.56E+00
256,4.80E-01,2.44E+00
257,5.20E-01,2.56E+00
258,4.00E-01,2.44E+00
259,4.80E-01,2.44E+00
260,3.60E-01,2.56E+00
261,4.00E-01,2.44E+00
262,2.80E-01,2.48E+00
263,3.60E-01,2.52E+00
264,2.00E-01,2.40E+00
265,2.80E-01,2.52E+00
266,1.60E-01,2.40E+00
267,2.40E-01,2.40E+00
268,8.00E-02,2.48E+00
269,1.60E-01,2.48E+00
270,4.00E-02,2.36E+00
271,8.00E-02,2.48E+00
272,-4.00E-02,2.32E+00
273,4.00E-02,2.44E+00
274,-8.00E-02,2.32E+00
275,0.00E+00,2.44E+00
276,-1.60E-01,2.28E+00
277,-1.20E-01,2.36E+00
278,-2.40E-01,2.24E+00
279,-1.60E-01,2.36E+00
280,-2.80E-01,2.24E+00
281,-2.00E-01,2.32E+00
282,-3.60E-01,2.20E+00
283,-2.80E-01,2.28E+00
284,-4.40E-01,2.16E+00
285,-3.60E-01,2.28E+00
286,-4.80E-01,2.16E+00
287,-4.00E-01,2.24E+00
288,-5.60E-01,2.12E+00
289,-4.80E-01,2.20E+00
290,-6.00E-01,2.08E+00
291,-5.20E-01,2.08E+00
292,-6.80E-01,2.16E+00
293,-6.00E-01,2.16E+00
294,-7.20E-01,2.04E+00
295,-6.40E-01,2.12E+00
296,-7.60E-01,2.00E+00
297,-6.80E-01,2.08E+00
298,-8.40E-01,1.96E+00
299,-7.60E-01,2.04E+00
300,-8.80E-01,1.92E+00
301,-8.00E-01,2.00E+00
302,-9.60E-01,1.88E+00
303,-8.80E-01,1.96E+00
304,-1.00E+00,1.84E+00
305,-9.20E-01,1.92E+00
306,-1.08E+00,1.80E+00
307,-1.00E+00,1.88E+00
308,-1.12E+00,1.76E+00
309,-1.16E+00,1.84E+00
310,-1.04E+00,1.72E+00
311,-1.08E+00,1.80E+00
312,-1.24E+00,1.68E+00
313,-1.16E+00,1.76E+00
314,-1.28E+00,1.64E+00
315,-1.32E+00,1.72E+00
316,-1.20E+00,1.56E+00
317,-1.24E+00,1.68E+00
318,-1.40E+00,1.52E+00
319,-1.32E+00,1.60E+00
320,-1.48E+00,1.48E+00
321,-1.36E+00,1.56E+00
322,-1.52E+00,1.44E+00
323,-1.44E+00,1.52E+00
324,-1.56E+00,1.40E+00
325,-1.48E+00,1.48E+00
326,-1.60E+00,1.32E+00
327,-1.52E+00,1.44E+00
328,-1.68E+00,1.28E+00
329,-1.60E+00,1.36E+00
330,-1.72E+00,1.24E+00
331,-1.64E+00,1.28E+00
332,-1.76E+00,1.16E+00
333,-1.80E+00,1.28E+00
334,-1.68E+00,1.12E+00
335,-1.72E+00,1.16E+00
336,-1.84E+00,1.04E+00
337,-1.76E+00,1.12E+00
338,-1.88E+00,1.00E+00
339,-1.80E+00,1.08E+00
340,-1.92E+00,9.20E-01
341,-1.84E+00,1.00E+00
342,-1.96E+00,8.80E-01
343,-2.00E+00,9.60E-01
344,-1.88E+00,8.00E-01
345,-1.92E+00,8.80E-01
346,-2.04E+00,7.60E-01
347,-2.08E+00,8.40E-01
348,-1.96E+00,6.80E-01
349,-2.00E+00,7.60E-01
350,-2.12E+00,6.40E-01
351,-2.04E+00,7.20E-01
352,-2.16E+00,6.00E-01
353,-2.04E+00,6.40E-01
354,-2.20E+00,5.20E-01
355,-2.08E+00,6.00E-01
356,-2.24E+00,4.80E-01
357,-2.12E+00,5.20E-01
358,-2.24E+00,4.00E-01
359,-2.28E+00,4.80E-01
360,-2.16E+00,3.60E-01
361,-2.28E+00,4.00E-01
362,-2.16E+00,2.80E-01
363,-2.20E+00,3.60E-01
364,-2.32E+00,2.00E-01
365,-2.24E+00,2.80E-01
366,-2.36E+00,1.60E-01
367,-2.36E+00,2.40E-01
368,-2.24E+00,8.00E-02
369,-2.32E+00,1.60E-01
370,-2.40E+00,4.00E-02
371,-2.40E+00,8.00E-02
372,-2.28E+00,-4.00E-02
373,-2.32E+00,4.00E-02
374,-2.44E+00,-8.00E-02
375,-2.44E+00,0.00E+00
376,-2.32E+00,-1.60E-01
377,-2.44E+00,-1.20E-01
378,-2.40E+00,-2.40E-01
379,-2.48E+00,-1.60E-01
380,-2.36E+00,-2.80E-01
381,-2.48E+00,-2.00E-01
382,-2.36E+00,-3.60E-01
383,-2.48E+00,-2.80E-01
384,-2.44E+00,-4.40E-01
385,-2.40E+00,-3.60E-01
386,-2.52E+00,-4.80E-01
387,-2.52E+00,-4.00E-01
388,-2.40E+00,-5.60E-01
389,-2.52E+00,-4.80E-01
390,-2.40E+00,-6.00E-01
391,-2.52E+00,-5.20E-01
392,-2.40E+00,-6.80E-01
393,-2.52E+00,-6.00E-01
394,-2.44E+00,-7.20E-01
395,-2.52E+00,-6.40E-01
396,-2.44E+00,-7.60E-01
397,-2.52E+00,-6.80E-01
398,-2.48E+00,-8.40E-01
399,-2.52E+00,-7.60E-01
400,-2.44E+00,-8.80E-01
401,-2.52E+00,-8.00E-01
402,-2.44E+00,-9.60E-01
403,-2.52E+00,-8.80E-01
404,-2.40E+00,-1.00E+00
405,-2.52E+00,-9.20E-01
406,-2.40E+00,-1.08E+00
407,-2.52E+00,-1.00E+00
408,-2.40E+00,-1.12E+00
409,-2.48E+00,-1.16E+00
410,-2.40E+00,-1.04E+00
411,-2.48E+00,-1.08E+00
412,-2.36E+00,-1.24E+00
413,-2.48E+00,-1.16E+00
414,-2.36E+00,-1.28E+00
415,-2.48E+00,-1.32E+00
416,-2.36E+00,-1.20E+00
417,-2.44E+00,-1.24E+00
418,-2.36E+00,-1.40E+00
419,-2.44E+00,-1.32E+00
420,-2.32E+00,-1.48E+00
421,-2.40E+00,-1.36E+00
422,-2.28E+00,-1.52E+00
423,-2.40E+00,-1.44E+00
424,-2.28E+00,-1.56E+00
425,-2.36E+00,-1.48E+00
426,-2.24E+00,-1.60E+00
427,-2.24E+00,-1.52E+00
428,-2.36E+00,-1.68E+00
429,-2.32E+00,-1.60E+00
430,-2.20E+00,-1.72E+00
431,-2.32E+00,-1.64E+00
432,-2.20E+00,-1.76E+00
433,-2.28E+00,-1.80E+00
434,-2.16E+00,-1.68E+00
435,-2.28E+00,-1.72E+00
436,-2.12E+00,-1.84E+00
437,-2.24E+00,-1.76E+00
438,-2.12E+00,-1.88E+00
439,-2.20E+00,-1.80E+00
440,-2.08E+00,-1.92E+00
441,-2.16E+00,-1.84E+00
442,-2.04E+00,-1.96E+00
443,-2.12E+00,-2.00E+00
444,-2.00E+00,-1.88E+00
445,-2.08E+00,-1.92E+00
446,-1.96E+00,-2.04E+00
447,-2.08E+00,-2.08E+00
448,-1.96E+00,-1.96E+00
449,-2.04E+00,-2.00E+00
450,-1.88E+00,-2.12E+00
451,-2.00E+00,-2.04E+00
452,-1.84E+00,-2.16E+00
453,-1.96E+00,-2.04E+00
454,-1.84E+00,-2.20E+00
455,-1.92E+00,-2.08E+00
456,-1.80E+00,-2.24E+00
457,-1.88E+00,-2.12E+00
458,-1.76E+00,-2.24E+00
459,-1.84E+00,-2.28E+00
460,-1.68E+00,-2.16E+00
461,-1.80E+00,-2.28E+00
462,-1.64E+00,-2.16E+00
463,-1.76E+00,-2.20E+00
464,-1.60E+00,-2.32E+00
465,-1.68E+00,-2.24E+00
466,-1.56E+00,-2.36E+00
467,-1.64E+00,-2.36E+00
468,-1.52E+00,-2.24E+00
469,-1.60E+00,-2.32E+00
470,-1.48E+00,-2.40E+00
471,-1.56E+00,-2.40E+00
472,-1.40E+00,-2.28E+00
473,-1.48E+00,-2.32E+00
474,-1.36E+00,-2.44E+00
475,-1.44E+00,-2.44E+00
476,-1.28E+00,-2.32E+00
477,-1.36E+00,-2.44E+00
478,-1.24E+00,-2.40E+00
479,-1.32E+00,-2.48E+00
480,-1.16E+00,-2.36E+00
481,-1.24E+00,-2.48E+00
482,-1.12E+00,-2.36E+00
483,-1.20E+00,-2.48E+00
484,-1.08E+00,-2.44E+00
485,-1.16E+00,-2.40E+00
486,-1.00E+00,-2.52E+00
487,-1.08E+00,-2.52E+00
488,-9.60E-01,-2.40E+00
489,-1.04E+00,-2.52E+00
490,-9.20E-01,-2.40E+00
491,-1.00E+00,-2.52E+00
492,-8.40E-01,-2.40E+00
493,-9.20E-01,-2.52E+00
494,-8.00E-01,-2.44E+00
495,-8.80E-01,-2.52E+00
496,-7.20E-01,-2.44E+00
497,-8.40E-01,-2.52E+00
498,-6.80E-01,-2.48E+00
499,-7.60E-01,-2.52E+00
500,-6.00E-01,-2.44E+00
501,-7.20E-01,-2.52E+00
502,-5.60E-01,-2.44E+00
503,-6.40E-01,-2.52E+00
504,-5.20E-01,-2.40E+00
505,-6.00E-01,-2.52E+00
506,-4.40E-01,-2.40E+00
507,-5.20E-01,-2.52E+00
508,-4.00E-01,-2.40E+00
509,-4.80E-01,-2.48E+00
510,-3.20E-01,-2.40E+00
511,-4.00E-01,-2.48E+00
512,-2.80E-01,-2.36E+00
513,-3.60E-01,-2.48E+00
514,-2.00E-01,-2.36E+00
515,-2.80E-01,-2.48E+00
516,-1.60E-01,-2.36E+00
517,-2.00E-01,-2.44E+00
518,-8.00E-02,-2.36E+00
519,-1.20E-01,-2.44E+00
520,-4.00E-02,-2.32E+00
521,-8.00E-02,-2.40E+00
522,8.00E-02,-2.28E+00
523,0.00E+00,-2.40E+00
524,8.00E-02,-2.28E+00
525,8.00E-02,-2.36E+00
526,2.00E-01,-2.24E+00
527,1.20E-01,-2.24E+00
528,2.40E-01,-2.36E+00
529,1.60E-01,-2.32E+00
530,3.20E-01,-2.20E+00
531,2.40E-01,-2.32E+00
532,3.60E-01,-2.20E+00
533,2.80E-01,-2.28E+00
534,4.40E-01,-2.16E+00
535,3.60E-01,-2.28E+00
536,5.20E-01,-2.12E+00
537,4.40E-01,-2.24E+00
538,5.60E-01,-2.12E+00
539,4.80E-01,-2.20E+00
540,6.00E-01,-2.08E+00
541,5.60E-01,-2.16E+00
542,6.80E-01,-2.04E+00
543,6.00E-01,-2.12E+00
544,7.20E-01,-2.00E+00
545,6.80E-01,-2.08E+00
546,8.00E-01,-1.96E+00
547,7.20E-01,-2.08E+00
548,8.40E-01,-1.96E+00
549,7.60E-01,-2.04E+00
550,9.20E-01,-1.88E+00
551,8.40E-01,-2.00E+00
552,9.60E-01,-1.84E+00
553,8.80E-01,-1.96E+00
554,1.04E+00,-1.84E+00
555,9.60E-01,-1.92E+00
556,1.08E+00,-1.80E+00
557,1.00E+00,-1.88E+00
558,1.12E+00,-1.76E+00
559,1.08E+00,-1.84E+00
560,1.20E+00,-1.68E+00
561,1.16E+00,-1.80E+00
562,1.28E+00,-1.64E+00
563,1.20E+00,-1.76E+00
564,1.32E+00,-1.60E+00
565,1.24E+00,-1.68E+00
566,1.36E+00,-1.56E+00
567,1.32E+00,-1.64E+00
568,1.44E+00,-1.52E+00
569,1.36E+00,-1.60E+00
570,1.48E+00,-1.48E+00
571,1.40E+00,-1.56E+00
572,1.56E+00,-1.40E+00
573,1.48E+00,-1.48E+00
574,1.60E+00,-1.36E+00
575,1.52E+00,-1.44E+00
576,1.64E+00,-1.28E+00
577,1.56E+00,-1.36E+00
578,1.68E+00,-1.24E+00
579,1.60E+00,-1.32E+00
580,1.72E+00,-1.16E+00
581,1.64E+00,-1.24E+00
582,1.76E+00,-1.12E+00
583,1.68E+00,-1.20E+00
584,1.80E+00,-1.08E+00
585,1.72E+00,-1.16E+00
586,1.88E+00,-1.00E+00
587,1.76E+00,-1.08E+00
588,1.88E+00,-9.60E-01
589,1.80E+00,-1.04E+00
590,1.96E+00,-9.20E-01
591,1.84E+00,-1.00E+00
592,1.96E+00,-8.40E-01
593,1.88E+00,-9.20E-01
594,2.00E+00,-8.00E-01
595,1.92E+00,-8.80E-01
596,2.04E+00,-7.20E-01
597,1.96E+00,-8.40E-01
598,2.08E+00,-6.80E-01
599,2.00E+00,-7.60E-01
600,2.12E+00,-6.00E-01
601,2.04E+00,-7.20E-01
602,2.16E+00,-5.60E-01
603,2.08E+00,-6.40E-01
604,2.20E+00,-5.20E-01
605,2.12E+00,-6.00E-01
606,2.24E+00,-4.40E-01
607,2.12E+00,-5.20E-01
608,2.24E+00,-4.00E-01
609,2.16E+00,-4.80E-01
610,2.28E+00,-3.20E-01
611,2.20E+00,-4.00E-01
612,2.32E+00,-2.80E-01
613,2.24E+00,-3.60E-01
614,2.32E+00,-2.00E-01
615,2.24E+00,-2.80E-01
616,2.36E+00,-1.60E-01
617,2.36E+00,-2.00E-01
618,2.28E+00,-8.00E-02
619,2.28E+00,-1.20E-01
620,2.40E+00,-4.00E-02
621,2.44E+00,-8.00E-02
622,2.32E+00,8.00E-02
623,2.36E+00,0.00E+00
624,2.48E+00,8.00E-02
625,2.40E+00,8.00E-02
626,2.48E+00,2.00E-01
627,2.40E+00,1.20E-01
628,2.52E+00,2.40E-01
629,2.40E+00,1.60E-01
630,2.52E+00,3.20E-01
631,2.44E+00,2.40E-01
632,2.48E+00,3.60E-01
633,2.44E+00,2.80E-01
634,2.56E+00,4.40E-01
635,2.44E+00,3.60E-01
636,2.56E+00,5.20E-01
637,2.44E+00,4.40E-01
638,2.56E+00,5.60E-01
639,2.48E+00,4.80E-01
640,2.56E+00,6.00E-01
641,2.48E+00,5.60E-01
642,2.56E+00,6.80E-01
643,2.48E+00,6.00E-01
644,2.56E+00,7.20E-01
645,2.48E+00,6.80E-01
646,2.52E+00,8.00E-01
647,2.48E+00,7.20E-01
648,2.52E+00,8.40E-01
649,2.48E+00,7.60E-01
650,2.56E+00,9.20E-01
651,2.48E+00,8.40E-01
652,2.56E+00,9.60E-01
653,2.48E+00,8.80E-01
654,2.56E+00,1.04E+00
655,2.48E+00,9.60E-01
656,2.56E+00,1.08E+00
657,2.56E+00,1.00E+00
658,2.44E+00,1.12E+00
659,2.44E+00,1.08E+00
660,2.56E+00,1.20E+00
661,2.44E+00,1.16E+00
662,2.48E+00,1.28E+00
663,2.48E+00,1.20E+00
664,2.40E+00,1.32E+00
665,2.52E+00,1.24E+00
666,2.40E+00,1.36E+00
667,2.40E+00,1.32E+00
668,2.48E+00,1.44E+00
669,2.48E+00,1.36E+00
670,2.36E+00,1.48E+00
671,2.36E+00,1.40E+00
672,2.48E+00,1.56E+00
673,2.40E+00,1.48E+00
674,2.32E+00,1.60E+00
675,2.40E+00,1.52E+00
676,2.28E+00,1.64E+00
677,2.36E+00,1.56E+00
678,2.24E+00,1.68E+00
679,2.24E+00,1.60E+00
680,2.36E+00,1.72E+00
681,2.32E+00,1.64E+00
682,2.20E+00,1.76E+00
683,2.20E+00,1.68E+00
684,2.28E+00,1.80E+00
685,2.28E+00,1.72E+00
686,2.16E+00,1.88E+00
687,2.24E+00,1.76E+00
688,2.12E+00,1.88E+00
689,2.20E+00,1.80E+00
690,2.08E+00,1.96E+00
691,2.16E+00,1.84E+00
692,2.08E+00,1.96E+00
693,2.16E+00,1.88E+00
694,2.04E+00,2.00E+00
695,2.12E+00,1.92E+00
696,2.00E+00,2.04E+00
697,2.08E+00,1.96E+00
698,1.96E+00,2.08E+00
699,2.04E+00,2.00E+00
700,1.92E+00,2.12E+00
701,2.00E+00,2.04E+00
702,1.88E+00,2.16E+00
703,1.96E+00,2.08E+00
704,1.84E+00,2.20E+00
705,1.92E+00,2.12E+00
706,1.80E+00,2.24E+00
707,1.88E+00,2.12E+00
708,1.76E+00,2.24E+00
709,1.84E+00,2.16E+00
710,1.72E+00,2.28E+00
711,1.80E+00,2.20E+00
712,1.68E+00,2.32E+00
713,1.76E+00,2.24E+00
714,1.64E+00,2.32E+00
715,1.72E+00,2.24E+00
716,1.56E+00,2.36E+00
717,1.64E+00,2.36E+00
718,1.52E+00,2.28E+00
719,1.60E+00,2.28E+00
720,1.48E+00,2.40E+00
721,1.56E+00,2.44E+00
722,1.44E+00,2.32E+00
723,1.52E+00,2.36E+00
724,1.40E+00,2.48E+00
725,1.48E+00,2.40E+00
726,1.32E+00,2.48E+00
727,1.40E+00,2.40E+00
728,1.28E+00,2.52E+00
729,1.36E+00,2.40E+00
730,1.24E+00,2.52E+00
731,1.32E+00,2.44E+00
732,1.16E+00,2.48E+00
733,1.24E+00,2.44E+00
734,1.08E+00,2.56E+00
735,1.16E+00,2.44E+00
736,1.04E+00,2.56E+00
737,1.12E+00,2.44E+00
738,9.60E-01,2.56E+00
739,1.04E+00,2.48E+00
740,9.20E-01,2.56E+00
741,1.00E+00,2.48E+00
742,8.80E-01,2.56E+00
743,9.60E-01,2.48E+00
744,8.00E-01,2.56E+00
745,8.80E-01,2.48E+00
746,7.60E-01,2.52E+00
747,8.40E-01,2.48E+00
748,6.80E-01,2.52E+00
749,7.60E-01,2.48E+00
750,6.40E-01,2.56E+00
751,7.20E-01,2.48E+00
752,6.00E-01,2.56E+00
753,6.40E-01,2.48E+00
754,5.20E-01,2.56E+00
755,6.00E-01,2.48E+00
756,4.40E-01,2.56E+00
757,5.20E-01,2.56E+00
758,4.00E-01,2.44E+00
759,4.80E-01,2.44E+00
760,3.60E-01,2.56E+00
761,4.40E-01,2.44E+00
762,2.80E-01,2.48E+00
763,3.60E-01,2.48E+00
764,2.40E-01,2.40E+00
765,3.20E-01,2.52E+00
766,1.60E-01,2.40E+00
767,2.40E-01,2.40E+00
768,8.00E-02,2.48E+00
769,2.00E-01,2.48E+00
770,4.00E-02,2.36E+00
771,8.00E-02,2.36E+00
772,0.00E+00,2.48E+00
773,4.00E-02,2.40E+00
774,-8.00E-02,2.32E+00
775,0.00E+00,2.40E+00
776,-1.60E-01,2.28E+00
777,-1.20E-01,2.36E+00
778,-2.40E-01,2.24E+00
779,-1.60E-01,2.24E+00
780,-2.80E-01,2.36E+00
781,-2.40E-01,2.32E+00
782,-3.60E-01,2.20E+00
783,-2.80E-01,2.20E+00
784,-4.40E-01,2.28E+00
785,-3.60E-01,2.28E+00
786,-4.80E-01,2.16E+00
787,-4.00E-01,2.24E+00
788,-5.60E-01,2.12E+00
789,-4.80E-01,2.20E+00
790,-6.00E-01,2.08E+00
791,-5.20E-01,2.16E+00
792,-6.80E-01,2.08E+00
793,-6.00E-01,2.16E+00
794,-7.20E-01,2.04E+00
795,-6.40E-01,2.12E+00
796,-7.60E-01,2.00E+00
797,-6.80E-01,2.08E+00
798,-8.40E-01,1.96E+00
799,-7.60E-01,2.04E+00
800,-8.80E-01,1.92E+00
801,-8.00E-01,2.00E+00
802,-9.60E-01,1.88E+00
803,-8.80E-01,1.96E+00
804,-1.00E+00,1.84E+00
805,-9.20E-01,1.92E+00
806,-1.04E+00,1.80E+00
807,-9.60E-01,1.88E+00
808,-1.12E+00,1.76E+00
809,-1.04E+00,1.84E+00
810,-1.16E+00,1.72E+00
811,-1.08E+00,1.80E+00
812,-1.24E+00,1.68E+00
813,-1.16E+00,1.76E+00
814,-1.28E+00,1.64E+00
815,-1.20E+00,1.72E+00
816,-1.32E+00,1.56E+00
817,-1.28E+00,1.64E+00
818,-1.40E+00,1.52E+00
819,-1.32E+00,1.60E+00
820,-1.48E+00,1.48E+00
821,-1.40E+00,1.56E+00
822,-1.52E+00,1.44E+00
823,-1.44E+00,1.52E+00
824,-1.56E+00,1.40E+00
825,-1.48E+00,1.48E+00
826,-1.60E+00,1.32E+00
827,-1.52E+00,1.40E+00
828,-1.68E+00,1.28E+00
829,-1.56E+00,1.36E+00
830,-1.72E+00,1.24E+00
831,-1.64E+00,1.32E+00
832,-1.76E+00,1.16E+00
833,-1.68E+00,1.24E+00
834,-1.80E+00,1.08E+00
835,-1.72E+00,1.16E+00
836,-1.84E+00,1.04E+00
837,-1.76E+00,1.12E+00
838,-1.88E+00,9.60E-01
839,-1.80E+00,1.04E+00
840,-1.92E+00,9.20E-01
841,-1.96E+00,1.00E+00
842,-1.84E+00,8.80E-01
843,-1.88E+00,9.60E-01
844,-2.00E+00,8.00E-01
845,-1.92E+00,8.80E-01
846,-2.04E+00,7.60E-01
847,-1.96E+00,8.40E-01
848,-2.08E+00,6.80E-01
849,-1.96E+00,7.60E-01
850,-2.12E+00,6.40E-01
851,-2.00E+00,7.20E-01
852,-2.16E+00,6.00E-01
853,-2.16E+00,6.40E-01
854,-2.04E+00,5.20E-01
855,-2.20E+00,6.00E-01
856,-2.08E+00,4.40E-01
857,-2.12E+00,5.20E-01
858,-2.24E+00,4.00E-01
859,-2.16E+00,4.80E-01
860,-2.28E+00,3.60E-01
861,-2.28E+00,4.40E-01
862,-2.16E+00,2.80E-01
863,-2.32E+00,3.60E-01
864,-2.20E+00,2.40E-01
865,-2.36E+00,3.20E-01
866,-2.24E+00,1.60E-01
867,-2.36E+00,2.40E-01
868,-2.24E+00,8.00E-02
869,-2.40E+00,2.00E-01
870,-2.28E+00,4.00E-02
871,-2.40E+00,8.00E-02
872,-2.28E+00,0.00E+00
873,-2.32E+00,4.00E-02
874,-2.44E+00,-8.00E-02
875,-2.32E+00,0.00E+00
876,-2.44E+00,-1.60E-01
877,-2.44E+00,-1.20E-01
878,-2.40E+00,-2.40E-01
879,-2.48E+00,-1.60E-01
880,-2.36E+00,-2.80E-01
881,-2.36E+00,-2.40E-01
882,-2.48E+00,-3.60E-01
883,-2.48E+00,-2.80E-01
884,-2.40E+00,-4.40E-01
885,-2.44E+00,-3.60E-01
886,-2.52E+00,-4.80E-01
887,-2.40E+00,-4.00E-01
888,-2.52E+00,-5.60E-01
889,-2.52E+00,-4.80E-01
890,-2.40E+00,-6.00E-01
891,-2.52E+00,-5.20E-01
892,-2.40E+00,-6.80E-01
893,-2.52E+00,-6.00E-01
894,-2.40E+00,-7.20E-01
895,-2.52E+00,-6.40E-01
896,-2.40E+00,-7.60E-01
897,-2.52E+00,-6.80E-01
898,-2.40E+00,-8.40E-01
899,-2.52E+00,-7.60E-01
900,-2.40E+00,-8.80E-01
901,-2.52E+00,-8.00E-01
902,-2.40E+00,-9.60E-01
903,-2.40E+00,-8.80E-01
904,-2.52E+00,-1.00E+00
905,-2.52E+00,-9.20E-01
906,-2.40E+00,-1.04E+00
907,-2.40E+00,-9.60E-01
908,-2.52E+00,-1.12E+00
909,-2.48E+00,-1.04E+00
910,-2.44E+00,-1.16E+00
911,-2.48E+00,-1.08E+00
912,-2.36E+00,-1.24E+00
913,-2.48E+00,-1.16E+00
914,-2.36E+00,-1.28E+00
915,-2.48E+00,-1.20E+00
916,-2.36E+00,-1.32E+00
917,-2.44E+00,-1.28E+00
918,-2.36E+00,-1.40E+00
919,-2.44E+00,-1.32E+00
920,-2.32E+00,-1.48E+00
921,-2.40E+00,-1.40E+00
922,-2.32E+00,-1.52E+00
923,-2.40E+00,-1.44E+00
924,-2.28E+00,-1.56E+00
925,-2.40E+00,-1.48E+00
926,-2.32E+00,-1.60E+00
927,-2.36E+00,-1.52E+00
928,-2.24E+00,-1.68E+00
929,-2.32E+00,-1.56E+00
930,-2.28E+00,-1.72E+00
931,-2.32E+00,-1.64E+00
932,-2.20E+00,-1.76E+00
933,-2.28E+00,-1.68E+00
934,-2.16E+00,-1.80E+00
935,-2.24E+00,-1.72E+00
936,-2.12E+00,-1.84E+00
937,-2.12E+00,-1.76E+00
938,-2.24E+00,-1.88E+00
939,-2.20E+00,-1.80E+00
940,-2.08E+00,-1.92E+00
941,-2.16E+00,-1.96E+00
942,-2.04E+00,-1.84E+00
943,-2.12E+00,-1.88E+00
944,-2.00E+00,-2.00E+00
945,-2.08E+00,-1.92E+00
946,-1.96E+00,-2.04E+00
947,-2.08E+00,-1.96E+00
948,-1.92E+00,-2.08E+00
949,-1.92E+00,-1.96E+00
950,-2.04E+00,-2.12E+00
951,-2.00E+00,-2.00E+00
952,-1.88E+00,-2.16E+00
953,-1.96E+00,-2.16E+00
954,-1.84E+00,-2.04E+00
955,-1.92E+00,-2.20E+00
956,-1.80E+00,-2.08E+00
957,-1.88E+00,-2.12E+00
958,-1.76E+00,-2.24E+00
959,-1.84E+00,-2.16E+00
960,-1.68E+00,-2.28E+00
961,-1.80E+00,-2.28E+00
962,-1.64E+00,-2.16E+00
963,-1.76E+00,-2.32E+00
964,-1.60E+00,-2.20E+00
965,-1.72E+00,-2.36E+00
966,-1.56E+00,-2.24E+00
967,-1.64E+00,-2.36E+00
968,-1.52E+00,-2.24E+00
969,-1.60E+00,-2.40E+00
970,-1.48E+00,-2.28E+00
971,-1.56E+00,-2.40E+00
972,-1.40E+00,-2.28E+00
973,-1.48E+00,-2.32E+00
974,-1.36E+00,-2.44E+00
975,-1.44E+00,-2.32E+00
976,-1.28E+00,-2.44E+00
977,-1.36E+00,-2.44E+00
978,-1.28E+00,-2.40E+00
979,-1.32E+00,-2.48E+00
980,-1.20E+00,-2.36E+00
981,-1.28E+00,-2.36E+00
982,-1.12E+00,-2.48E+00
983,-1.20E+00,-2.48E+00
984,-1.12E+00,-2.40E+00
985,-1.16E+00,-2.44E+00
986,-1.00E+00,-2.52E+00
987,-1.12E+00,-2.40E+00
988,-9.60E-01,-2.52E+00
989,-1.04E+00,-2.52E+00
990,-9.20E-01,-2.40E+00
991,-1.00E+00,-2.52E+00
992,-8.40E-01,-2.40E+00
993,-9.60E-01,-2.52E+00
994,-8.00E-01,-2.40E+00
995,-8.80E-01,-2.52E+00
996,-7.20E-01,-2.40E+00
997,-8.40E-01,-2.52E+00
998,-6.80E-01,-2.40E+00
999,-7.60E-01,-2.52E+00
1000,-6.40E-01,-2.40E+00
1001,-7.20E-01,-2.52E+00
1002,-5.60E-01,-2.40E+00
1003,-6.40E-01,-2.40E+00
1004,-5.20E-01,-2.52E+00
1005,-5.60E-01,-2.52E+00
1006,-4.40E-01,-2.40E+00
1007,-5.20E-01,-2.40E+00
1008,-3.60E-01,-2.52E+00
1009,-4.40E-01,-2.48E+00
1010,-3.20E-01,-2.44E+00
1011,-4.00E-01,-2.48E+00
1012,-2.80E-01,-2.36E+00
1013,-3.60E-01,-2.48E+00
1014,-2.00E-01,-2.36E+00
1015,-2.80E-01,-2.48E+00
1016,-1.20E-01,-2.36E+00
1017,-2.40E-01,-2.44E+00
1018,-8.00E-02,-2.36E+00
1019,-1.20E-01,-2.44E+00
1020,0.00E+00,-2.32E+00
1021,-4.00E-02,-2.40E+00
1022,8.00E-02,-2.32E+00
1023,0.00E+00,-2.40E+00
1024,1.20E-01,-2.28E+00
1025,8.00E-02,-2.40E+00
1026,2.00E-01,-2.32E+00
1027,1.20E-01,-2.36E+00
1028,2.40E-01,-2.24E+00
1029,2.00E-01,-2.32E+00
1030,3.20E-01,-2.28E+00
1031,2.40E-01,-2.32E+00
1032,3.60E-01,-2.20E+00
1033,2.80E-01,-2.28E+00
1034,4.40E-01,-2.16E+00
1035,3.60E-01,-2.24E+00
1036,5.20E-01,-2.12E+00
1037,4.40E-01,-2.12E+00
1038,5.60E-01,-2.24E+00
1039,4.80E-01,-2.20E+00
1040,6.40E-01,-2.08E+00
1041,5.60E-01,-2.16E+00
1042,6.80E-01,-2.04E+00
1043,6.00E-01,-2.12E+00
1044,7.20E-01,-2.00E+00
1045,6.80E-01,-2.08E+00
1046,8.00E-01,-1.96E+00
1047,7.20E-01,-2.08E+00
1048,8.40E-01,-1.92E+00
1049,7.60E-01,-1.92E+00
1050,9.20E-01,-2.04E+00
1051,8.40E-01,-2.00E+00
1052,9.60E-01,-1.88E+00
1053,8.80E-01,-1.96E+00
1054,1.04E+00,-1.84E+00
1055,9.60E-01,-1.92E+00
1056,1.08E+00,-1.80E+00
1057,1.00E+00,-1.88E+00
1058,1.12E+00,-1.76E+00
1059,1.08E+00,-1.84E+00
1060,1.24E+00,-1.68E+00
1061,1.16E+00,-1.80E+00
1062,1.24E+00,-1.64E+00
1063,1.20E+00,-1.76E+00
1064,1.32E+00,-1.60E+00
1065,1.24E+00,-1.72E+00
1066,1.36E+00,-1.56E+00
1067,1.32E+00,-1.64E+00
1068,1.44E+00,-1.52E+00
1069,1.36E+00,-1.60E+00
1070,1.48E+00,-1.48E+00
1071,1.40E+00,-1.56E+00
1072,1.52E+00,-1.40E+00
1073,1.44E+00,-1.48E+00
1074,1.60E+00,-1.36E+00
1075,1.52E+00,-1.44E+00
1076,1.64E+00,-1.28E+00
1077,1.56E+00,-1.36E+00
1078,1.68E+00,-1.28E+00
1079,1.60E+00,-1.32E+00
1080,1.72E+00,-1.20E+00
1081,1.64E+00,-1.28E+00
1082,1.76E+00,-1.12E+00
1083,1.68E+00,-1.20E+00
1084,1.80E+00,-1.12E+00
1085,1.72E+00,-1.16E+00
1086,1.84E+00,-1.00E+00
1087,1.76E+00,-1.12E+00
1088,1.88E+00,-9.60E-01
1089,1.84E+00,-1.04E+00
1090,1.92E+00,-9.20E-01
1091,1.84E+00,-1.00E+00
1092,1.96E+00,-8.40E-01
1093,1.88E+00,-9.60E-01
1094,2.00E+00,-8.00E-01
1095,1.92E+00,-8.80E-01
1096,2.04E+00,-7.20E-01
1097,1.96E+00,-8.40E-01
1098,2.08E+00,-6.80E-01
1099,2.00E+00,-7.60E-01
1100,2.12E+00,-6.40E-01
